{ "_id" : "VJNcfAB6e", "status" : 1, "payment_status" : "Unpaid", "order_status" : "Pending", "trip_name" : "generating", "operator" : { "$oid" : "56eb76a25f7cced1f7b86f89" }, "official_guides" : [  ], "tourists" : [  ], "__v" : 0 }
{ "_id" : "N1OM3VLal", "status" : 1, "payment_status" : "Unpaid", "order_status" : "Pending", "trip_name" : "dsafskdfl", "operator" : { "$oid" : "56eb76a25f7cced1f7b86f89" }, "official_guides" : [  ], "tourists" : [  ], "__v" : 0 }
{ "_id" : "E14xhkWTg", "status" : 1, "payment_status" : "Unpaid", "order_status" : "Pending", "trip_name" : "New trip", "operator" : { "$oid" : "56af2d8bc16308e007b53ad4" }, "official_guides" : [  ], "tourists" : [  ], "__v" : 0 }
{ "_id" : "41HMjLQpx", "status" : 1, "payment_status" : "Unpaid", "order_status" : "Pending", "operator" : { "$oid" : "56af2d8bc16308e007b53ad4" }, "official_guides" : [  ], "tourists" : [  ], "__v" : 0 }
{ "_id" : "Nyt6QnETg", "status" : 1, "payment_status" : "Unpaid", "order_status" : "Pending", "operator" : { "$oid" : "56af2d8bc16308e007b53ad4" }, "official_guides" : [  ], "tourists" : [  ], "__v" : 0 }
{ "_id" : "4yG5Nh4Tg", "status" : 1, "payment_status" : "Unpaid", "order_status" : "Pending", "operator" : { "$oid" : "56af2d8bc16308e007b53ad4" }, "official_guides" : [  ], "tourists" : [  ], "__v" : 0 }
{ "_id" : "Vk18Ln4Tg", "status" : 1, "payment_status" : "Unpaid", "order_status" : "Pending", "operator" : { "$oid" : "56af2d8bc16308e007b53ad4" }, "official_guides" : [  ], "tourists" : [  ], "__v" : 0 }
{ "_id" : "VkYIU2V6x", "status" : 1, "payment_status" : "Unpaid", "order_status" : "Pending", "operator" : { "$oid" : "56af2d8bc16308e007b53ad4" }, "official_guides" : [  ], "tourists" : [  ], "__v" : 0 }
{ "_id" : "NkIpI246g", "status" : 1, "payment_status" : "Unpaid", "order_status" : "Pending", "operator" : { "$oid" : "56af2d8bc16308e007b53ad4" }, "official_guides" : [  ], "tourists" : [  ], "__v" : 0 }
{ "_id" : "4JKAL2Vpg", "status" : 1, "payment_status" : "Unpaid", "order_status" : "Pending", "operator" : { "$oid" : "56af2d8bc16308e007b53ad4" }, "official_guides" : [  ], "tourists" : [  ], "__v" : 0 }
{ "_id" : "4yYVvhN6g", "status" : 1, "payment_status" : "Unpaid", "order_status" : "Pending", "operator" : { "$oid" : "56af2d8bc16308e007b53ad4" }, "official_guides" : [  ], "tourists" : [  ], "__v" : 0 }
{ "_id" : "41yQrASTx", "status" : 1, "payment_status" : "Unpaid", "order_status" : "Pending", "operator" : { "$oid" : "56eb76a25f7cced1f7b86f89" }, "official_guides" : [  ], "tourists" : [  ], "__v" : 0 }
{ "_id" : "Vy-Qk3Z6e", "status" : 1, "payment_status" : "Unpaid", "order_status" : "Pending", "operator" : { "$oid" : "56af2d8bc16308e007b53ad4" }, "official_guides" : [  ], "tourists" : [  ], "__v" : 0 }
{ "_id" : "EJw1eJmpx", "status" : 1, "payment_status" : "Unpaid", "order_status" : "Pending", "trip_name" : "Trip 4", "operator" : { "$oid" : "56af2d8bc16308e007b53ad4" }, "official_guides" : [  ], "tourists" : [  ], "__v" : 0 }
{ "_id" : "N1nxDnN6x", "status" : 1, "payment_status" : "Unpaid", "order_status" : "Pending", "operator" : { "$oid" : "56af2d8bc16308e007b53ad4" }, "official_guides" : [  ], "tourists" : [  ], "__v" : 0 }
{ "_id" : "NJmUlW7pe", "status" : 1, "payment_status" : "Unpaid", "order_status" : "Pending", "operator" : { "$oid" : "56af2d8bc16308e007b53ad4" }, "official_guides" : [  ], "tourists" : [  ], "__v" : 0 }
{ "_id" : "VyJDm2N6l", "status" : 1, "payment_status" : "Unpaid", "order_status" : "Pending", "trip_name" : "Tirr5", "operator" : { "$oid" : "56af2d8bc16308e007b53ad4" }, "official_guides" : [  ], "tourists" : [  ], "__v" : 0 }
{ "_id" : "E1-IBhEpl", "status" : 1, "payment_status" : "Unpaid", "order_status" : "Pending", "operator" : { "$oid" : "56af2d8bc16308e007b53ad4" }, "official_guides" : [  ], "tourists" : [  ], "__v" : 0 }
{ "_id" : "V1ftrnNpg", "status" : 1, "payment_status" : "Unpaid", "order_status" : "Pending", "operator" : { "$oid" : "56af2d8bc16308e007b53ad4" }, "official_guides" : [  ], "tourists" : [  ], "__v" : 0 }
{ "_id" : "NkIl83Val", "status" : 1, "payment_status" : "Unpaid", "order_status" : "Pending", "operator" : { "$oid" : "56af2d8bc16308e007b53ad4" }, "official_guides" : [  ], "tourists" : [  ], "__v" : 0 }
{ "_id" : "NJbMI2Vag", "status" : 1, "payment_status" : "Unpaid", "order_status" : "Pending", "operator" : { "$oid" : "56af2d8bc16308e007b53ad4" }, "official_guides" : [  ], "tourists" : [  ], "__v" : 0 }
{ "_id" : "N1km8hE6e", "status" : 1, "payment_status" : "Unpaid", "order_status" : "Pending", "operator" : { "$oid" : "56af2d8bc16308e007b53ad4" }, "official_guides" : [  ], "tourists" : [  ], "__v" : 0 }
{ "_id" : "E1nVL3V6l", "status" : 1, "payment_status" : "Unpaid", "order_status" : "Pending", "operator" : { "$oid" : "56af2d8bc16308e007b53ad4" }, "official_guides" : [  ], "tourists" : [  ], "__v" : 0 }
{ "_id" : "4kfS82Npg", "status" : 1, "payment_status" : "Unpaid", "order_status" : "Pending", "operator" : { "$oid" : "56af2d8bc16308e007b53ad4" }, "official_guides" : [  ], "tourists" : [  ], "__v" : 0 }
{ "_id" : "41urIhNax", "status" : 1, "payment_status" : "Unpaid", "order_status" : "Pending", "operator" : { "$oid" : "56af2d8bc16308e007b53ad4" }, "official_guides" : [  ], "tourists" : [  ], "__v" : 0 }
{ "_id" : "NJxPLh4pl", "status" : 1, "payment_status" : "Unpaid", "order_status" : "Pending", "operator" : { "$oid" : "56af2d8bc16308e007b53ad4" }, "official_guides" : [  ], "tourists" : [  ], "__v" : 0 }
{ "_id" : "EkV_I3Epg", "status" : 1, "payment_status" : "Unpaid", "order_status" : "Pending", "operator" : { "$oid" : "56af2d8bc16308e007b53ad4" }, "official_guides" : [  ], "tourists" : [  ], "__v" : 0 }
{ "_id" : "4Jrbw3Vae", "status" : 1, "payment_status" : "Unpaid", "order_status" : "Pending", "operator" : { "$oid" : "56af2d8bc16308e007b53ad4" }, "official_guides" : [  ], "tourists" : [  ], "__v" : 0 }
{ "_id" : "Nyw-vhVal", "status" : 1, "payment_status" : "Unpaid", "order_status" : "Pending", "operator" : { "$oid" : "56af2d8bc16308e007b53ad4" }, "official_guides" : [  ], "tourists" : [  ], "__v" : 0 }
{ "_id" : "Ey1fDnEae", "status" : 1, "payment_status" : "Unpaid", "order_status" : "Pending", "operator" : { "$oid" : "56af2d8bc16308e007b53ad4" }, "official_guides" : [  ], "tourists" : [  ], "__v" : 0 }
{ "_id" : "4kYrv3E6g", "status" : 1, "payment_status" : "Unpaid", "order_status" : "Pending", "trip_name" : "Show og number", "operator" : { "$oid" : "56af2d8bc16308e007b53ad4" }, "official_guides" : [  ], "tourists" : [  ], "__v" : 0 }
{ "_id" : "VyeC_h4ag", "status" : 1, "payment_status" : "Unpaid", "order_status" : "Pending", "trip_name" : "sada", "operator" : { "$oid" : "56af2d8bc16308e007b53ad4" }, "official_guides" : [  ], "tourists" : [  ], "__v" : 0 }
{ "_id" : "4yGiY346x", "status" : 1, "payment_status" : "Unpaid", "order_status" : "Pending", "trip_name" : "vehicletype and hotel level", "operator" : { "$oid" : "56af2d8bc16308e007b53ad4" }, "official_guides" : [  ], "tourists" : [  ], "__v" : 0 }
{ "_id" : "4kHn5hNpg", "status" : 1, "payment_status" : "Unpaid", "order_status" : "Pending", "trip_name" : "kfjdslf", "operator" : { "$oid" : "56af2d8bc16308e007b53ad4" }, "official_guides" : [  ], "tourists" : [  ], "__v" : 0 }
{ "_id" : "41Slj2VTe", "status" : 1, "payment_status" : "Unpaid", "order_status" : "Pending", "trip_name" : "fsd", "operator" : { "$oid" : "56af2d8bc16308e007b53ad4" }, "official_guides" : [  ], "tourists" : [  ], "__v" : 0 }
{ "_id" : "Vkwis34px", "status" : 1, "payment_status" : "Unpaid", "order_status" : "Pending", "trip_name" : "fsdf", "operator" : { "$oid" : "56af2d8bc16308e007b53ad4" }, "official_guides" : [  ], "tourists" : [  ], "__v" : 0 }
{ "_id" : "NyrxyRN6l", "status" : 1, "payment_status" : "Unpaid", "order_status" : "Pending", "trip_name" : "fdssd", "operator" : { "$oid" : "56af2d8bc16308e007b53ad4" }, "official_guides" : [  ], "tourists" : [  ], "__v" : 0 }
{ "_id" : "VkCYlkBTl", "status" : 1, "payment_status" : "Unpaid", "order_status" : "Pending", "trip_name" : "fdskl", "operator" : { "$oid" : "56eb76a25f7cced1f7b86f89" }, "official_guides" : [  ], "tourists" : [  ], "__v" : 0 }
{ "_id" : "N1JeDyBTe", "status" : 1, "payment_status" : "Unpaid", "order_status" : "Pending", "trip_name" : "fdsfs", "operator" : { "$oid" : "56eb76a25f7cced1f7b86f89" }, "official_guides" : [  ], "tourists" : [  ], "__v" : 0 }
{ "_id" : "4kdbc1Bpl", "status" : 1, "payment_status" : "Unpaid", "order_status" : "Pending", "trip_name" : "bigger trip", "operator" : { "$oid" : "56eb76a25f7cced1f7b86f89" }, "official_guides" : [  ], "tourists" : [  ], "__v" : 0 }
{ "_id" : "EJEJs1HTx", "status" : 1, "payment_status" : "Unpaid", "order_status" : "Pending", "trip_name" : "sad", "operator" : { "$oid" : "56eb76a25f7cced1f7b86f89" }, "official_guides" : [  ], "tourists" : [  ], "__v" : 0 }
{ "_id" : "N1MnS3Z6g", "status" : 1, "payment_status" : "Unpaid", "order_status" : "Pending", "trip_name" : "New Trip 3", "operator" : { "$oid" : "56af2d8bc16308e007b53ad4" }, "official_guides" : [  ], "tourists" : [  ], "__v" : 0 }
{ "_id" : "Vysplk76l", "status" : 1, "payment_status" : "Unpaid", "order_status" : "Pending", "trip_name" : "Trip 4", "operator" : { "$oid" : "56af2d8bc16308e007b53ad4" }, "official_guides" : [  ], "tourists" : [  ], "__v" : 0 }
{ "_id" : "41lvyW7al", "status" : 1, "payment_status" : "Unpaid", "order_status" : "Pending", "trip_name" : "Trip 5", "operator" : { "$oid" : "56af2d8bc16308e007b53ad4" }, "official_guides" : [  ], "tourists" : [  ], "__v" : 0 }
{ "_id" : "EyUuQ0Bax", "status" : 1, "payment_status" : "Unpaid", "order_status" : "Pending", "trip_name" : "fdsf", "operator" : { "$oid" : "56eb76a25f7cced1f7b86f89" }, "official_guides" : [  ], "tourists" : [  ], "__v" : 0 }
{ "_id" : "4JCaQ0rpe", "status" : 1, "payment_status" : "Unpaid", "order_status" : "Pending", "trip_name" : "dsdfdsf", "operator" : { "$oid" : "56eb76a25f7cced1f7b86f89" }, "official_guides" : [  ], "tourists" : [  ], "__v" : 0 }
{ "_id" : "41TbVAB6l", "status" : 1, "payment_status" : "Unpaid", "order_status" : "Pending", "trip_name" : "dfdsf", "operator" : { "$oid" : "56eb76a25f7cced1f7b86f89" }, "official_guides" : [  ], "tourists" : [  ], "__v" : 0 }
{ "_id" : "EJRr4ASag", "status" : 1, "payment_status" : "Unpaid", "order_status" : "Pending", "trip_name" : "sdd", "operator" : { "$oid" : "56eb76a25f7cced1f7b86f89" }, "official_guides" : [  ], "tourists" : [  ], "__v" : 0 }
{ "_id" : "EkoYEAH6e", "status" : 1, "payment_status" : "Unpaid", "order_status" : "Pending", "trip_name" : "dsfsd", "operator" : { "$oid" : "56eb76a25f7cced1f7b86f89" }, "official_guides" : [  ], "tourists" : [  ], "__v" : 0 }
{ "_id" : "Ekvp4RSTx", "status" : 1, "payment_status" : "Unpaid", "order_status" : "Pending", "trip_name" : "dfsfsd", "operator" : { "$oid" : "56eb76a25f7cced1f7b86f89" }, "official_guides" : [  ], "tourists" : [  ], "__v" : 0 }
{ "_id" : "EJGKS0rae", "status" : 1, "payment_status" : "Unpaid", "order_status" : "Pending", "trip_name" : "fdsfsd", "operator" : { "$oid" : "56eb76a25f7cced1f7b86f89" }, "official_guides" : [  ], "tourists" : [  ], "__v" : 0 }
{ "_id" : "VkibIAB6x", "status" : 1, "payment_status" : "Unpaid", "order_status" : "Pending", "trip_name" : "fsdf", "operator" : { "$oid" : "56eb76a25f7cced1f7b86f89" }, "official_guides" : [  ], "tourists" : [  ], "__v" : 0 }
{ "_id" : "VJXw8AHTe", "status" : 1, "payment_status" : "Unpaid", "order_status" : "Pending", "trip_name" : "fdss", "operator" : { "$oid" : "56eb76a25f7cced1f7b86f89" }, "official_guides" : [  ], "tourists" : [  ], "__v" : 0 }
{ "_id" : "E1xgwCBae", "status" : 1, "payment_status" : "Unpaid", "order_status" : "Pending", "trip_name" : "fsfs", "operator" : { "$oid" : "56eb76a25f7cced1f7b86f89" }, "official_guides" : [  ], "tourists" : [  ], "__v" : 0 }
{ "_id" : "Vy9UwRr6l", "status" : 1, "payment_status" : "Unpaid", "order_status" : "Pending", "trip_name" : "sddsad", "operator" : { "$oid" : "56eb76a25f7cced1f7b86f89" }, "official_guides" : [  ], "tourists" : [  ], "__v" : 0 }
{ "_id" : "V1Q6P0r6x", "status" : 1, "payment_status" : "Unpaid", "order_status" : "Pending", "trip_name" : "dsasd", "operator" : { "$oid" : "56eb76a25f7cced1f7b86f89" }, "official_guides" : [  ], "tourists" : [  ], "__v" : 0 }
{ "_id" : "4yA1uAB6e", "status" : 1, "payment_status" : "Unpaid", "order_status" : "Pending", "trip_name" : "sadasd", "operator" : { "$oid" : "56eb76a25f7cced1f7b86f89" }, "official_guides" : [  ], "tourists" : [  ], "__v" : 0 }
{ "_id" : "VyDQu0Hag", "status" : 1, "payment_status" : "Unpaid", "order_status" : "Pending", "trip_name" : "kddlk", "operator" : { "$oid" : "56eb76a25f7cced1f7b86f89" }, "official_guides" : [  ], "tourists" : [  ], "__v" : 0 }
{ "_id" : "EygwuCrTg", "status" : 1, "payment_status" : "Unpaid", "order_status" : "Pending", "trip_name" : "", "operator" : { "$oid" : "56eb76a25f7cced1f7b86f89" }, "official_guides" : [  ], "tourists" : [  ], "__v" : 0 }
{ "_id" : "Nyx1KRHpl", "status" : 1, "payment_status" : "Unpaid", "order_status" : "Pending", "trip_name" : "sadasd", "operator" : { "$oid" : "56eb76a25f7cced1f7b86f89" }, "official_guides" : [  ], "tourists" : [  ], "__v" : 0 }
{ "_id" : "4J1EYABTe", "status" : 1, "payment_status" : "Unpaid", "order_status" : "Pending", "trip_name" : "rrewr", "operator" : { "$oid" : "56eb76a25f7cced1f7b86f89" }, "official_guides" : [  ], "tourists" : [  ], "__v" : 0 }
{ "_id" : "EytDn4LTe", "status" : 1, "payment_status" : "Unpaid", "order_status" : "Pending", "trip_name" : "", "operator" : { "$oid" : "56eb76a25f7cced1f7b86f89" }, "official_guides" : [  ], "tourists" : [  ], "__v" : 0 }
{ "_id" : "VycYKCHTl", "status" : 1, "payment_status" : "Unpaid", "order_status" : "Pending", "trip_name" : "dskldjl", "operator" : { "$oid" : "56eb76a25f7cced1f7b86f89" }, "official_guides" : [  ], "tourists" : [  ], "__v" : 0 }
{ "_id" : "V1tMo0rpx", "status" : 1, "payment_status" : "Unpaid", "order_status" : "Pending", "trip_name" : "fdsfsd", "operator" : { "$oid" : "56eb76a25f7cced1f7b86f89" }, "official_guides" : [  ], "tourists" : [  ], "__v" : 0 }
{ "_id" : "Nk6o2NUpl", "status" : 1, "payment_status" : "Unpaid", "order_status" : "Pending", "trip_name" : "erer", "operator" : { "$oid" : "56eb76a25f7cced1f7b86f89" }, "official_guides" : [  ], "tourists" : [  ], "__v" : 0 }
{ "_id" : "N16gT4I6x", "status" : 1, "payment_status" : "Unpaid", "order_status" : "Pending", "trip_name" : "fdskjf", "operator" : { "$oid" : "56eb76a25f7cced1f7b86f89" }, "official_guides" : [  ], "tourists" : [  ], "__v" : 0 }
